﻿<?xml version="1.0" encoding="UTF-8"?>
<customUI onLoad="Ribbon_Load" xmlns="http://schemas.microsoft.com/office/2009/07/customui">
  <ribbon>
    <tabs>
      <tab id="tabDataOrgChart" label="Data Org Chart">
        <group id="group1" label="Create">
          <button id="buttonCreate" imageMso="AdpDiagramNewTable" screentip="Create a new Org Chart diagram." supertip="Create a new Org Chart diagram from the template for this add-in." label="Create new org chart" size="large" onAction="OnAction" getEnabled="GetEnabled" />
        </group>
        <group id="group2" label="Generate">
          <button id="buttonGenerate" imageMso="ImportMoreMenu" screentip="Generate an Org Chart." supertip="Generate an Org Chart from data via this add-in." label="Generate" size="large" onAction="OnAction" getEnabled="GetEnabled" />
        </group>
        <group id="group3" label="Decorate">
          <button id="buttonApplyDataGraphics" label="Apply Data Graphics" size="large" onAction="OnAction" getEnabled="GetEnabled" getImage="GetImage" />
          <button id="buttonLayout" imageMso="SmartArtOrganizationChartMenu" label="Layout" size="large" onAction="OnAction" getEnabled="GetEnabled" />
        </group>
      </tab>
    </tabs>
  </ribbon>
  <backstage>
    <tab id="tabDataLinkedOrgChart" label="Data Linked Org Chart">
      <firstColumn>
          <group id="regularGroup" label="Help and Training" helperText="Get help and training on the Data Org Chart add-in.">
            <primaryItem>
              <button id="buttonGetHelp" label="Get Help" onAction="OnAction" getImage="GetImage"
                  isDefinitive="false"
                  screentip="Click to get help for the Data Linked Org Chart add-in."/>
            </primaryItem>
            <topItems>
                <layoutContainer id="layoutOne" layoutChildren="vertical">
                  <hyperlink
                      id="hyperlink"
                      label="Office Developer Center"
                      target="http://msdn.microsoft.com/en-us/office/default.aspx" />
                </layoutContainer>
            </topItems>
          </group>
      </firstColumn>
      <secondColumn>
        <group id="groupLicense" label="Licensed Product" helperText="Copyright (c) 2009 Microsoft Corporation">
          <topItems>
              <layoutContainer id="layoutLicense" layoutChildren="vertical">
                <labelControl id="labelLicenseInfo" label="License Info here" />
              </layoutContainer>
          </topItems>          
        </group>
        <group id="slabAbout" label="About Data Org Chart add-in" helperText="Copyright (c) 2009 Microsoft Corporation">
          <topItems>
              <layoutContainer id="layoutAbout" layoutChildren="vertical">
                <labelControl id="labelBuildInfo" getLabel="GetLabel" />
                <!--do not use label="" if using getLabel callback-->
              </layoutContainer>
          </topItems>
        </group>
      </secondColumn>
    </tab>
  </backstage>  
</customUI>