﻿<?xml version="1.0" encoding="UTF-8"?>
<customUI onLoad="Ribbon_Load" xmlns="http://schemas.microsoft.com/office/2009/07/customui">
  <commands>
    <!--Disable Builtin Commands-->
    <command idMso="Bold" enabled="false"/>
    <command idMso="Italic" enabled="false"/>
    <command idMso="Underline" enabled="false"/>
  </commands>  
  <ribbon>
    <tabs>
      <tab id="tabDataOrgChart" label="Data Org Chart">
        <group id="groupGenerate" label="Generate">
          <button id="buttonGenerate" imageMso="ImportMoreMenu" screentip="Generate an Org Chart." supertip="Generate an Org Chart from data via this add-in." label="Generate" size="large" onAction="OnAction" getEnabled="GetEnabled" />
        </group>
        <group id="groupDecorate" label="Decorate">
          <button id="buttonApplyDataGraphics" label="Apply Data Graphics" size="large" onAction="OnAction" getEnabled="GetEnabled" getImage="GetImage" />
          <button id="buttonLayout" imageMso="SmartArtOrganizationChartMenu" label="Layout" size="large" onAction="OnAction" getEnabled="GetEnabled" />
        </group>
      </tab>
    </tabs>
  </ribbon>
</customUI>