﻿<?xml version="1.0" encoding="UTF-8"?>
<customUI onLoad="Ribbon_Load" xmlns="http://schemas.microsoft.com/office/2006/01/customui">
  <ribbon>
    <tabs>
      <tab idMso="TabAddIns" />
      <tab id="tabDataOrgChart" label="Data Org Chart">
        <group id="group1" label="Create">
          <button id="buttonCreate" imageMso="AdpDiagramNewTable" screentip="Create a new Org Chart diagram." supertip="Create a new Org Chart diagram from the template for this add-in." label="Create new org chart" size="large" onAction="OnAction" getEnabled="GetEnabled" getVisible="GetVisible"/>
        </group>
        <group id="group2" label="Generate">
          <button id="buttonGenerate" imageMso="ImportMoreMenu" screentip="Generate an Org Chart." supertip="Generate an Org Chart from data via this add-in." label="Generate" size="large" onAction="OnAction" getEnabled="GetEnabled" getVisible="GetVisible" />
        </group>
        <group id="group3" label="Decorate">
          <button id="buttonApplyDataGraphics" label="Apply Data Graphics" size="large" onAction="OnAction" getEnabled="GetEnabled" getVisible="GetVisible" getImage="GetImage" />
          <button id="buttonLayout" imageMso="SmartArtOrganizationChartMenu" label="Layout" size="large" onAction="OnAction" getEnabled="GetEnabled" getVisible="GetVisible" />
        </group>
      </tab>
    </tabs>
  </ribbon>
</customUI>