<DocumentElement>
  <TeamMembers>
    <EmpId>-1</EmpId>
    <Name>Manu</Name>
    <Department>MCS</Department>
    <Role>Manager</Role>
    <Reports_x0020_To>10</Reports_x0020_To>
    <Utilization>15</Utilization>
    <Email>manu@ms.com</Email>
  </TeamMembers>
  <TeamMembers>
    <EmpId>-2</EmpId>
    <Name>Chris</Name>
    <Department>MCS</Department>
    <Role>ADC</Role>
    <Reports_x0020_To>-1</Reports_x0020_To>
    <Utilization>85</Utilization>
    <Email>chris@ms.com</Email>
  </TeamMembers>
  <TeamMembers>
    <EmpId>-3</EmpId>
    <Name>Tedd</Name>
    <Department>MCS</Department>
    <Role>ADC</Role>
    <Reports_x0020_To>-1</Reports_x0020_To>
    <Utilization>10</Utilization>
    <Email>tedd@ms.com</Email>
  </TeamMembers>
  <TeamMembers>
    <EmpId>-4</EmpId>
    <Name>Mark</Name>
    <Department>MCS</Department>
    <Role>TAM</Role>
    <Reports_x0020_To>-1</Reports_x0020_To>
    <Utilization>10</Utilization>
    <Email>mark@ms.com</Email>
  </TeamMembers>
</DocumentElement>